personnel_id,personnel_name,sub_team_id,role,email
P0001,Liam Hoffmann,ST001,Master Assassin,liam.hoffmann2@dept.example.org
P0002,Isabella Davis,ST001,System Architect,isabella.davis3@contractorg.com
P0003,Harper Schulz,ST001,Technical Writer,harper.schulz4@dept.example.org
P0004,Carter Becker,ST001,Lead Engineer,carter.becker5@contractorg.com
P0005,Cameron Wilson,ST001,Technical Writer,cameron.wilson6@example.gov
P0006,Muhammad Wilson,ST001,Contract Specialist,muhammad.wilson7@dept.example.org
P0007,Alex Garcia,ST001,Data Analyst,alex.garcia8@contractorg.com
P0008,Amelia Ramirez,ST001,System Architect,amelia.ramirez9@example.gov
P0009,Liam Smith,ST001,Data Analyst,liam.smith10@dept.example.org
P0010,Kenji Lee,ST001,Lead Engineer,kenji.lee11@dept.example.org
P0011,Blake Park,ST001,Junior Developer,blake.park12@example.gov
P0012,Elizabeth Martinez,ST001,Program Manager,elizabeth.martinez13@contractorg.com
P0013,Noah Fischer,ST001,Cleric,noah.fischer14@dept.example.org
P0014,Jayden Hoffmann,ST001,Solutions Architect,jayden.hoffmann15@dept.example.org
P0015,Sofia Moreau,ST001,Program Manager,sofia.moreau16@contractorg.com
P0016,Logan Miller,ST001,Contract Specialist,logan.miller17@example.gov
P0017,Abigail Moreau,ST001,Compliance Officer,abigail.moreau18@dept.example.org
P0018,Sofia Tran,ST001,Technical Writer,sofia.tran19@example.gov
P0019,Kenji Singh,ST001,Lead Engineer,kenji.singh20@dept.example.org
P0020,Hayden Wagner,ST001,Solutions Architect,hayden.wagner21@dept.example.org
P0021,Sakura Moore,ST001,Cleric,sakura.moore22@example.gov
P0022,Noah Schneider,ST001,Lead Engineer,noah.schneider23@contractorg.com
P0023,Amelia Lin,ST001,Compliance Officer,amelia.lin24@example.gov
P0024,Sakura Wilson,ST002,Lead Engineer,sakura.wilson25@dept.example.org
P0025,Casey Martinez,ST002,Junior Developer,casey.martinez26@dept.example.org
P0026,Rowan Kim,ST002,Solutions Architect,rowan.kim27@example.gov
P0027,Avery Richard,ST002,QA Tester,avery.richard28@example.gov
P0028,Liam Hernandez,ST002,Junior Developer,liam.hernandez29@dept.example.org
P0029,Carter Fischer,ST002,Master Assassin,carter.fischer30@dept.example.org
P0030,Alex Meyer,ST002,Technical Writer,alex.meyer31@example.gov
P0031,Lucas Lee,ST002,Solutions Architect,lucas.lee32@example.gov
P0032,Morgan Muller,ST002,Master Assassin,morgan.muller33@dept.example.org
P0033,Liam Patel,ST002,Compliance Officer,liam.patel34@example.gov
P0034,Abigail Moore,ST002,Data Analyst,abigail.moore35@example.gov
P0035,Amelia Wang,ST002,Data Analyst,amelia.wang36@example.gov
P0036,Emily Hoffmann,ST002,Lead Engineer,emily.hoffmann37@dept.example.org
P0037,Quinn Simon,ST002,Master Assassin,quinn.simon38@example.gov
P0038,Ethan Meyer,ST003,QA Tester,ethan.meyer39@contractorg.com
P0039,Logan Robert,ST003,Cleric,logan.robert40@example.gov
P0040,Isabella Muller,ST003,System Architect,isabella.muller41@dept.example.org
P0041,Parker Williams,ST003,Solutions Architect,parker.williams42@example.gov
P0042,Aiden Thomas,ST003,Contract Specialist,aiden.thomas43@contractorg.com
P0043,Mia Singh,ST003,Technical Writer,mia.singh44@example.gov
P0044,Aiden Dubois,ST003,Data Analyst,aiden.dubois45@dept.example.org
P0045,Olivia Lopez,ST003,QA Tester,olivia.lopez46@dept.example.org
P0046,Mia Moreau,ST003,Contract Specialist,mia.moreau47@example.gov
P0047,Ethan Davis,ST003,Solutions Architect,ethan.davis48@example.gov
P0048,Blake Moreau,ST003,Cleric,blake.moreau49@dept.example.org
P0049,Craig Becker,ST003,Compliance Officer,craig.becker50@contractorg.com
P0050,Aisha Lin,ST003,Contract Specialist,aisha.lin51@dept.example.org
P0051,Quinn Park,ST003,QA Tester,quinn.park52@contractorg.com
P0052,Drew Kim,ST003,Contract Specialist,drew.kim53@contractorg.com
P0053,Sophia Hernandez,ST003,Master Assassin,sophia.hernandez54@contractorg.com
P0054,Craig Hernandez,ST003,Lead Engineer,craig.hernandez55@dept.example.org
P0055,Hayden Singh,ST003,Program Manager,hayden.singh56@contractorg.com
P0056,Riley Patel,ST003,Program Manager,riley.patel57@contractorg.com
P0057,Sofia Petit,ST003,Junior Developer,sofia.petit58@example.gov
P0058,Riley Moore,ST003,Program Manager,riley.moore59@example.gov
P0059,Ava Kim,ST003,Technical Writer,ava.kim60@example.gov
P0060,Ethan Tran,ST003,Technical Writer,ethan.tran61@example.gov
P0061,Lucas Jones,ST003,Junior Developer,lucas.jones62@dept.example.org
P0062,Abigail Simon,ST003,Program Manager,abigail.simon63@dept.example.org
P0063,Sophia Gonzalez,ST003,Master Assassin,sophia.gonzalez64@dept.example.org
P0064,Sakura Wang,ST003,Contract Specialist,sakura.wang65@dept.example.org
P0065,Elijah Williams,ST003,Compliance Officer,elijah.williams66@example.gov
P0066,Mason Simon,ST003,Lead Engineer,mason.simon67@contractorg.com
P0067,Avery Wang,ST004,Contract Specialist,avery.wang68@contractorg.com
P0068,Jamie Wang,ST004,Technical Writer,jamie.wang69@example.gov
P0069,Casey Muller,ST004,QA Tester,casey.muller70@example.gov
P0070,Jackson Williams,ST004,Junior Developer,jackson.williams71@contractorg.com
P0071,Olivia Petit,ST004,Solutions Architect,olivia.petit72@example.gov
P0072,Dakota Schmidt,ST004,Contract Specialist,dakota.schmidt73@example.gov
P0073,Sakura Chen,ST004,QA Tester,sakura.chen74@example.gov
P0074,Evelyn Bernard,ST004,Solutions Architect,evelyn.bernard75@contractorg.com
P0075,Sakura Rodriguez,ST004,QA Tester,sakura.rodriguez76@dept.example.org
P0076,Emma Hernandez,ST004,System Architect,emma.hernandez77@example.gov
P0077,Sophia Leroy,ST004,Data Analyst,sophia.leroy78@contractorg.com
P0078,Kenji Jones,ST004,QA Tester,kenji.jones79@contractorg.com
P0079,Aisha Goober,ST004,Lead Engineer,aisha.goober80@example.gov
P0080,Rowan Lin,ST004,System Architect,rowan.lin81@dept.example.org
P0081,Casey Tran,ST004,Program Manager,casey.tran82@example.gov
P0082,Hayden Flores,ST004,Director,hayden.flores83@dept.example.org
P0083,Aiden Moreau,ST004,Master Assassin,aiden.moreau84@dept.example.org
P0084,Elijah Hoffmann,ST004,Compliance Officer,elijah.hoffmann85@example.gov
P0085,Aiden Perez,ST004,Cleric,aiden.perez86@dept.example.org
P0086,Elizabeth Goober,ST004,Solutions Architect,elizabeth.goober87@example.gov
P0087,Lucas Richard,ST004,Program Manager,lucas.richard88@example.gov
P0088,Jamie Schulz,ST004,Solutions Architect,jamie.schulz89@contractorg.com
P0089,Emma Schneider,ST004,Lead Engineer,emma.schneider90@example.gov
P0090,Noah Wang,ST004,Cleric,noah.wang91@example.gov
P0091,Riley Wagner,ST005,Junior Developer,riley.wagner92@dept.example.org
P0092,Alex Wang,ST005,Contract Specialist,alex.wang93@example.gov
P0093,Harper Wagner,ST005,Contract Specialist,harper.wagner94@example.gov
P0094,Casey Park,ST005,Junior Developer,casey.park95@dept.example.org
P0095,Emily Torres,ST005,Contract Specialist,emily.torres96@contractorg.com
P0096,Riley Jones,ST005,Junior Developer,riley.jones97@contractorg.com
P0097,Cameron Hernandez,ST005,Cleric,cameron.hernandez98@dept.example.org
P0098,Jayden Li,ST005,System Architect,jayden.li99@contractorg.com
P0099,Dakota Miller,ST005,Solutions Architect,dakota.miller0@contractorg.com
P0100,Avery Wilson,ST005,Solutions Architect,avery.wilson1@dept.example.org
P0101,Blake Becker,ST005,QA Tester,blake.becker2@example.gov
P0102,Oliver Simon,ST005,Master Assassin,oliver.simon3@dept.example.org
P0103,Rowan Perez,ST006,QA Tester,rowan.perez4@example.gov
P0104,Alex Simon,ST006,Contract Specialist,alex.simon5@example.gov
P0105,Liam Petit,ST006,Solutions Architect,liam.petit6@dept.example.org
P0106,Riley Li,ST006,Contract Specialist,riley.li7@dept.example.org
P0107,Morgan Miller,ST006,System Architect,morgan.miller8@dept.example.org
P0108,Sofia Shell,ST006,Data Analyst,sofia.shell9@dept.example.org
P0109,Casey Durand,ST006,Master Assassin,casey.durand10@dept.example.org
P0110,Emily Moreau,ST006,Master Assassin,emily.moreau11@example.gov
P0111,Sakura Simon,ST006,Master Assassin,sakura.simon12@dept.example.org
P0112,Jackson Wang,ST006,Compliance Officer,jackson.wang13@dept.example.org
P0113,Mason Meyer,ST006,QA Tester,mason.meyer14@dept.example.org
P0114,Jayden Torres,ST006,Program Manager,jayden.torres15@dept.example.org
P0115,Riley Robert,ST006,Data Analyst,riley.robert16@example.gov
P0116,Harper Nguyen,ST006,System Architect,harper.nguyen17@contractorg.com
P0117,Rowan Brown,ST006,Contract Specialist,rowan.brown18@example.gov
P0118,Peyton Martinez,ST006,Junior Developer,peyton.martinez19@contractorg.com
P0119,Alex Durand,ST006,Contract Specialist,alex.durand20@dept.example.org
P0120,Taylor Nguyen,ST006,Data Analyst,taylor.nguyen21@example.gov
P0121,Aiden Wang,ST006,Lead Engineer,aiden.wang22@example.gov
P0122,Evelyn Flores,ST006,System Architect,evelyn.flores23@contractorg.com
P0123,Drew Brown,ST006,QA Tester,drew.brown24@contractorg.com
P0124,Dakota Schneider,ST006,QA Tester,dakota.schneider25@contractorg.com
P0125,Riley Nguyen,ST006,Master Assassin,riley.nguyen26@example.gov
P0126,Sofia Miller,ST006,Compliance Officer,sofia.miller27@dept.example.org
P0127,Avery Robert,ST006,System Architect,avery.robert28@example.gov
P0128,Muhammad Robert,ST006,Master Assassin,muhammad.robert29@contractorg.com
P0129,Rowan Simon,ST006,QA Tester,rowan.simon30@dept.example.org
P0130,Aiden Goober,ST006,Master Assassin,aiden.goober31@dept.example.org
P0131,Ethan Torres,ST006,Technical Writer,ethan.torres32@dept.example.org
P0132,Harper Moreau,ST007,System Architect,harper.moreau33@dept.example.org
P0133,Logan Petit,ST007,Program Manager,logan.petit34@contractorg.com
P0134,Ethan Meyer,ST007,Junior Developer,ethan.meyer35@contractorg.com
P0135,Olivia Meyer,ST007,Program Manager,olivia.meyer36@contractorg.com
P0136,Morgan Wang,ST007,Solutions Architect,morgan.wang37@contractorg.com
P0137,Dakota Muller,ST007,Contract Specialist,dakota.muller38@dept.example.org
P0138,Aisha Petit,ST007,Master Assassin,aisha.petit39@dept.example.org
P0139,Aisha Wang,ST007,Cleric,aisha.wang40@contractorg.com
P0140,Casey Weber,ST007,Junior Developer,casey.weber41@dept.example.org
P0141,Oliver Robert,ST007,Data Analyst,oliver.robert42@dept.example.org
P0142,Devon Schulz,ST007,QA Tester,devon.schulz43@example.gov
P0143,Taylor Ramirez,ST007,System Architect,taylor.ramirez44@contractorg.com
P0144,Sophia Muller,ST007,Lead Engineer,sophia.muller45@contractorg.com
P0145,Cameron Kim,ST007,System Architect,cameron.kim46@example.gov
P0146,Jordan Muller,ST007,Technical Writer,jordan.muller47@dept.example.org
P0147,Riley Goober,ST007,QA Tester,riley.goober48@contractorg.com
P0148,Ethan Perez,ST007,Data Analyst,ethan.perez49@contractorg.com
P0149,Jordan Miller,ST007,Master Assassin,jordan.miller50@example.gov
P0150,Evelyn Perez,ST007,Lead Engineer,evelyn.perez51@dept.example.org
P0151,Skyler Flores,ST007,Program Manager,skyler.flores52@contractorg.com
P0152,Carter Durand,ST007,Junior Developer,carter.durand53@contractorg.com
P0153,Elizabeth Sanchez,ST007,Compliance Officer,elizabeth.sanchez54@example.gov
P0154,Sophia Tran,ST007,Lead Engineer,sophia.tran55@example.gov
P0155,Sakura Singh,ST007,Contract Specialist,sakura.singh56@contractorg.com
P0156,Amelia Rodriguez,ST007,QA Tester,amelia.rodriguez57@contractorg.com
P0157,Taylor Torres,ST007,System Architect,taylor.torres58@contractorg.com
P0158,Emily Becker,ST007,Master Assassin,emily.becker59@example.gov
P0159,Amelia Nguyen,ST007,Program Manager,amelia.nguyen60@example.gov
P0160,Jordan Schulz,ST007,Technical Writer,jordan.schulz61@example.gov
P0161,Aisha Lopez,ST008,QA Tester,aisha.lopez62@example.gov
P0162,Logan Moore,ST008,Cleric,logan.moore63@contractorg.com
P0163,Riley Lee,ST008,Contract Specialist,riley.lee64@dept.example.org
P0164,Hayden Gonzalez,ST008,System Architect,hayden.gonzalez65@example.gov
P0165,Sophia Hoffmann,ST008,Program Manager,sophia.hoffmann66@example.gov
P0166,Mason Torres,ST008,System Architect,mason.torres67@dept.example.org
P0167,Jayden Moreau,ST008,QA Tester,jayden.moreau68@dept.example.org
P0168,Peyton Williams,ST008,Compliance Officer,peyton.williams69@contractorg.com
P0169,Riley Sanchez,ST008,Cleric,riley.sanchez70@dept.example.org
P0170,Aiden Singh,ST008,Compliance Officer,aiden.singh71@example.gov
P0171,Craig Wilson,ST008,Program Manager,craig.wilson72@contractorg.com
P0172,Ava Weber,ST008,Data Analyst,ava.weber73@contractorg.com
P0173,Dakota Sanchez,ST008,Solutions Architect,dakota.sanchez74@dept.example.org
P0174,Aisha Miller,ST009,Program Manager,aisha.miller75@contractorg.com
P0175,Sakura Torres,ST009,Cleric,sakura.torres76@dept.example.org
P0176,Logan Chen,ST009,Master Assassin,logan.chen77@example.gov
P0177,Casey Tran,ST009,Solutions Architect,casey.tran78@dept.example.org
P0178,Peyton Miller,ST009,Contract Specialist,peyton.miller79@example.gov
P0179,Ava Bernard,ST009,Cleric,ava.bernard80@example.gov
P0180,Avery Hoffmann,ST009,Technical Writer,avery.hoffmann81@dept.example.org
P0181,Jordan Sanchez,ST009,Master Assassin,jordan.sanchez82@example.gov
P0182,Jamie Tran,ST009,Program Manager,jamie.tran83@example.gov
P0183,Emily Schmidt,ST009,Lead Engineer,emily.schmidt84@contractorg.com
P0184,Sofia Garcia,ST009,Lead Engineer,sofia.garcia85@example.gov
P0185,Rowan Moreau,ST009,Data Analyst,rowan.moreau86@example.gov
P0186,Quinn Becker,ST010,Team Leader,quinn.becker87@example.gov
P0187,Blake Wilson,ST010,Master Assassin,blake.wilson88@example.gov
P0188,Logan Jones,ST010,Technical Writer,logan.jones89@example.gov
P0189,Mason Richard,ST010,Technical Writer,mason.richard90@example.gov
P0190,Carter Hoffmann,ST010,Junior Developer,carter.hoffmann91@example.gov
P0191,Emily Garcia,ST010,Lead Engineer,emily.garcia92@example.gov
P0192,Hayden Rodriguez,ST010,Lead Engineer,hayden.rodriguez93@dept.example.org
P0193,Drew Shell,ST010,Master Assassin,drew.shell94@example.gov
P0194,Aiden Chen,ST010,Contract Specialist,aiden.chen95@dept.example.org
P0195,Sophia Tran,ST010,Master Assassin,sophia.tran96@contractorg.com
P0196,Carter Lopez,ST010,Lead Engineer,carter.lopez97@example.gov
P0197,Jayden Petit,ST011,Contract Specialist,jayden.petit98@contractorg.com
P0198,Jordan Brown,ST011,Lead Engineer,jordan.brown99@example.gov
P0199,Ethan Dubois,ST011,Contract Specialist,ethan.dubois0@example.gov
P0200,Alex Moreau,ST011,Junior Developer,alex.moreau1@contractorg.com
P0201,Evelyn Flores,ST011,QA Tester,evelyn.flores2@dept.example.org
P0202,Hayden Nguyen,ST011,QA Tester,hayden.nguyen3@contractorg.com
P0203,Amelia Nguyen,ST011,Compliance Officer,amelia.nguyen4@example.gov
P0204,Logan Nguyen,ST011,Data Analyst,logan.nguyen5@contractorg.com
P0205,Rowan Miller,ST011,Lead Engineer,rowan.miller6@dept.example.org
P0206,Logan Williams,ST011,Junior Developer,logan.williams7@contractorg.com
P0207,Casey Brown,ST012,Team Leader,casey.brown8@contractorg.com
P0208,Logan Hoffmann,ST012,Master Assassin,logan.hoffmann9@dept.example.org
P0209,Jordan Hoffmann,ST012,Junior Developer,jordan.hoffmann10@example.gov
P0210,Oliver Davis,ST012,Solutions Architect,oliver.davis11@contractorg.com
P0211,Harper Ramirez,ST012,Data Analyst,harper.ramirez12@dept.example.org
P0212,Elijah Flores,ST012,Junior Developer,elijah.flores13@contractorg.com
P0213,Logan Muller,ST012,System Architect,logan.muller14@example.gov
P0214,Ethan Chen,ST012,Technical Writer,ethan.chen15@dept.example.org
P0215,Sophia Lee,ST012,Cleric,sophia.lee16@example.gov
P0216,Dakota Davis,ST012,System Architect,dakota.davis17@contractorg.com
P0217,Abigail Garcia,ST012,Technical Writer,abigail.garcia18@dept.example.org
P0218,Skyler Bernard,ST012,Technical Writer,skyler.bernard19@example.gov
P0219,Logan Flores,ST012,Junior Developer,logan.flores20@contractorg.com
P0220,Peyton Meyer,ST012,Solutions Architect,peyton.meyer21@contractorg.com
P0221,Taylor Goober,ST012,Master Assassin,taylor.goober22@dept.example.org
P0222,Casey Wang,ST013,Contract Specialist,casey.wang23@dept.example.org
P0223,Casey Singh,ST013,Master Assassin,casey.singh24@example.gov
P0224,Riley Meyer,ST013,Data Analyst,riley.meyer25@dept.example.org
P0225,Liam Sanchez,ST013,Master Assassin,liam.sanchez26@contractorg.com
P0226,Jayden Singh,ST013,Program Manager,jayden.singh27@contractorg.com
P0227,Cameron Chen,ST013,Contract Specialist,cameron.chen28@dept.example.org
P0228,Olivia Miller,ST013,Lead Engineer,olivia.miller29@example.gov
P0229,Gump Li,ST013,Cleric,gump.li30@contractorg.com
P0230,Cameron Wang,ST013,QA Tester,cameron.wang31@contractorg.com
P0231,Alex Perez,ST013,Cleric,alex.perez32@example.gov
P0232,Jordan Brown,ST013,QA Tester,jordan.brown33@dept.example.org
P0233,Logan Petit,ST013,QA Tester,logan.petit34@dept.example.org
P0234,Aisha Schneider,ST013,Data Analyst,aisha.schneider35@dept.example.org